member_id,accounts_count,n_checking,n_savings,n_credit_card,n_loan,n_cd
M001499,1,1,0,0,0,0
M003800,1,1,0,0,0,0
M005316,1,1,0,0,0,0
M003904,1,1,0,0,0,0
M009461,1,1,0,0,0,0
M008221,1,1,0,0,0,0
M008634,1,1,0,0,0,0
M000382,1,1,0,0,0,0
M009074,1,1,0,0,0,0
M003616,1,1,0,0,0,0
M005787,1,1,0,0,0,0
M002025,1,1,0,0,0,0
M003594,1,1,0,0,0,0
M008415,1,1,0,0,0,0
M001853,1,1,0,0,0,0
M008694,1,1,0,0,0,0
M009702,1,1,0,0,0,0
M000485,1,1,0,0,0,0
M000756,1,1,0,0,0,0
M005339,1,1,0,0,0,0
M002720,1,1,0,0,0,0
M004093,1,1,0,0,0,0
M002308,1,1,0,0,0,0
M008423,1,1,0,0,0,0
M007257,1,1,0,0,0,0
M002987,1,1,0,0,0,0
M005946,1,1,0,0,0,0
M009006,1,1,0,0,0,0
M005239,1,1,0,0,0,0
M002121,1,1,0,0,0,0
M007925,1,1,0,0,0,0
M007823,1,1,0,0,0,0
M002587,1,1,0,0,0,0
M004016,1,1,0,0,0,0
M005889,1,1,0,0,0,0
M009462,1,1,0,0,0,0
M002800,1,1,0,0,0,0
M009428,1,1,0,0,0,0
M001376,1,1,0,0,0,0
M003658,1,1,0,0,0,0
M002368,1,1,0,0,0,0
M000314,1,1,0,0,0,0
M000320,1,1,0,0,0,0
M008728,1,1,0,0,0,0
M002464,1,1,0,0,0,0
M005443,1,1,0,0,0,0
M005550,1,1,0,0,0,0
M001684,1,1,0,0,0,0
M000871,1,1,0,0,0,0
M001180,1,1,0,0,0,0
M006633,1,1,0,0,0,0
M003432,1,1,0,0,0,0
M006865,1,1,0,0,0,0
M007482,1,1,0,0,0,0
M007110,1,1,0,0,0,0
M003445,1,1,0,0,0,0
M004456,1,1,0,0,0,0
M000849,1,1,0,0,0,0
M007687,1,1,0,0,0,0
M009417,1,1,0,0,0,0
M005465,1,1,0,0,0,0
M008623,1,1,0,0,0,0
M003030,1,1,0,0,0,0
M003674,1,1,0,0,0,0
M003491,1,1,0,0,0,0
M008278,1,1,0,0,0,0
M004446,1,1,0,0,0,0
M007758,1,1,0,0,0,0
M002054,1,1,0,0,0,0
M002345,1,1,0,0,0,0
M004384,1,1,0,0,0,0
M009124,1,1,0,0,0,0
M003555,1,1,0,0,0,0
M000597,1,1,0,0,0,0
M002805,1,1,0,0,0,0
M005006,1,1,0,0,0,0
M005210,1,1,0,0,0,0
M000977,1,1,0,0,0,0
M005440,1,1,0,0,0,0
M004862,1,1,0,0,0,0
M000962,1,1,0,0,0,0
M002663,1,1,0,0,0,0
M000028,1,1,0,0,0,0
M000660,1,1,0,0,0,0
M002323,1,1,0,0,0,0
M003229,1,1,0,0,0,0
M003163,1,1,0,0,0,0
M001067,1,1,0,0,0,0
M006463,1,1,0,0,0,0
M000744,1,1,0,0,0,0
M002683,1,1,0,0,0,0
M009698,1,1,0,0,0,0
M007333,1,1,0,0,0,0
M009102,1,1,0,0,0,0
M006501,1,1,0,0,0,0
M009873,1,1,0,0,0,0
M000875,1,1,0,0,0,0
M004955,1,1,0,0,0,0
M009484,1,1,0,0,0,0
M002010,1,1,0,0,0,0
M002762,1,1,0,0,0,0
M006625,1,1,0,0,0,0
M007383,1,1,0,0,0,0
M005272,1,1,0,0,0,0
M001202,1,1,0,0,0,0
M000302,1,1,0,0,0,0
M005220,1,1,0,0,0,0
M002899,1,1,0,0,0,0
M005125,1,1,0,0,0,0
M000245,1,1,0,0,0,0
M003096,1,1,0,0,0,0
M004847,1,1,0,0,0,0
M007456,1,1,0,0,0,0
M008618,1,1,0,0,0,0
M003309,1,1,0,0,0,0
M002689,1,1,0,0,0,0
M008841,1,1,0,0,0,0
M004182,1,1,0,0,0,0
M005439,1,1,0,0,0,0
M000448,1,1,0,0,0,0
M002352,1,1,0,0,0,0
M000095,1,1,0,0,0,0
M007793,1,1,0,0,0,0
M004661,1,1,0,0,0,0
M005162,1,1,0,0,0,0
M005488,1,1,0,0,0,0
M004845,1,1,0,0,0,0
M008525,1,1,0,0,0,0
M001803,1,1,0,0,0,0
M007194,1,1,0,0,0,0
M008364,1,1,0,0,0,0
M002315,1,1,0,0,0,0
M005559,1,1,0,0,0,0
M006029,1,1,0,0,0,0
M001338,1,1,0,0,0,0
M009488,1,1,0,0,0,0
M001323,1,1,0,0,0,0
M002763,1,1,0,0,0,0
M009515,1,1,0,0,0,0
M005666,1,1,0,0,0,0
M009234,1,1,0,0,0,0
M004515,1,1,0,0,0,0
M001496,1,1,0,0,0,0
M006945,1,1,0,0,0,0
M004468,1,1,0,0,0,0
M002882,1,1,0,0,0,0
M009221,1,1,0,0,0,0
M000373,1,1,0,0,0,0
M009399,1,1,0,0,0,0
M009055,1,1,0,0,0,0
M005639,1,1,0,0,0,0
M004477,1,1,0,0,0,0
M004359,1,1,0,0,0,0
M008252,1,1,0,0,0,0
M005454,1,1,0,0,0,0
M005807,1,1,0,0,0,0
M008642,1,1,0,0,0,0
M009761,1,1,0,0,0,0
M009755,1,1,0,0,0,0
M001472,1,1,0,0,0,0
M007331,1,1,0,0,0,0
M006146,1,1,0,0,0,0
M004118,1,1,0,0,0,0
M009898,1,1,0,0,0,0
M002972,1,1,0,0,0,0
M004592,1,1,0,0,0,0
M004142,1,1,0,0,0,0
M009539,1,1,0,0,0,0
M002151,1,1,0,0,0,0
M004088,1,1,0,0,0,0
M000535,1,1,0,0,0,0
M000967,1,1,0,0,0,0
M008793,1,1,0,0,0,0
M007584,1,1,0,0,0,0
M007979,1,1,0,0,0,0
M003182,1,1,0,0,0,0
M006266,1,1,0,0,0,0
M000280,1,1,0,0,0,0
M005716,1,1,0,0,0,0
M009540,1,1,0,0,0,0
M009266,1,1,0,0,0,0
M004188,1,1,0,0,0,0
M008102,1,1,0,0,0,0
M005023,1,1,0,0,0,0
M000212,1,1,0,0,0,0
M003719,1,1,0,0,0,0
M009841,1,1,0,0,0,0
M001754,1,1,0,0,0,0
M004648,1,1,0,0,0,0
M003734,1,1,0,0,0,0
M009704,1,1,0,0,0,0
M008845,1,1,0,0,0,0
M009080,1,1,0,0,0,0
M004595,1,1,0,0,0,0
M004227,1,1,0,0,0,0
M006486,1,1,0,0,0,0
M001471,1,1,0,0,0,0
M003504,1,1,0,0,0,0
M009407,1,1,0,0,0,0
M001360,1,1,0,0,0,0
M006319,1,1,0,0,0,0
M007619,1,1,0,0,0,0
M009285,1,1,0,0,0,0
M009162,1,1,0,0,0,0
M002211,1,1,0,0,0,0
M003077,1,1,0,0,0,0
M005622,1,1,0,0,0,0
M008028,1,1,0,0,0,0
M009797,1,1,0,0,0,0
M006279,1,1,0,0,0,0
M005928,1,1,0,0,0,0
M003213,1,1,0,0,0,0
M004521,1,1,0,0,0,0
M008485,1,1,0,0,0,0
M008790,1,1,0,0,0,0
M004552,1,1,0,0,0,0
M003165,1,1,0,0,0,0
M001159,1,1,0,0,0,0
M007430,1,1,0,0,0,0
M006171,1,1,0,0,0,0
M001388,1,1,0,0,0,0
M005764,1,1,0,0,0,0
M004489,1,1,0,0,0,0
M007531,1,1,0,0,0,0
M003037,1,1,0,0,0,0
M007855,1,1,0,0,0,0
M007145,1,1,0,0,0,0
M001551,1,1,0,0,0,0
M004556,1,1,0,0,0,0
M008892,1,1,0,0,0,0
M004336,1,1,0,0,0,0
M004475,1,1,0,0,0,0
M009611,1,1,0,0,0,0
M004745,1,1,0,0,0,0
M009648,1,1,0,0,0,0
M008247,1,1,0,0,0,0
M008463,1,1,0,0,0,0
M007972,1,1,0,0,0,0
M007870,1,1,0,0,0,0
M004934,1,1,0,0,0,0
M000923,1,1,0,0,0,0
M007205,1,1,0,0,0,0
M001938,1,1,0,0,0,0
M006361,1,1,0,0,0,0
M008262,1,1,0,0,0,0
M004324,1,1,0,0,0,0
M000165,1,1,0,0,0,0
M000294,1,1,0,0,0,0
M005157,1,1,0,0,0,0
M002385,1,1,0,0,0,0
M001910,1,1,0,0,0,0
M006993,1,1,0,0,0,0
M007947,1,1,0,0,0,0
M007192,1,1,0,0,0,0
M004992,1,1,0,0,0,0
M007575,1,1,0,0,0,0
M006157,1,1,0,0,0,0
M002454,1,1,0,0,0,0
M000574,1,1,0,0,0,0
M005360,1,1,0,0,0,0
M004039,1,1,0,0,0,0
M004254,1,1,0,0,0,0
M006070,1,1,0,0,0,0
M001117,1,1,0,0,0,0
M006711,1,1,0,0,0,0
M002546,1,1,0,0,0,0
M005964,1,1,0,0,0,0
M005438,1,1,0,0,0,0
M009052,1,1,0,0,0,0
M003009,1,1,0,0,0,0
M001055,1,1,0,0,0,0
M006909,1,1,0,0,0,0
M008462,1,1,0,0,0,0
M008708,1,1,0,0,0,0
M001114,1,1,0,0,0,0
M006285,1,1,0,0,0,0
M005173,1,1,0,0,0,0
M004555,1,1,0,0,0,0
M005650,1,1,0,0,0,0
M008517,1,1,0,0,0,0
M008816,1,1,0,0,0,0
M000911,1,1,0,0,0,0
M001577,1,1,0,0,0,0
M003419,1,1,0,0,0,0
M004616,1,1,0,0,0,0
M007539,1,1,0,0,0,0
M009706,1,1,0,0,0,0
M009546,1,1,0,0,0,0
M000758,1,1,0,0,0,0
M009020,1,1,0,0,0,0
M008810,1,1,0,0,0,0
M002003,1,1,0,0,0,0
M009237,1,1,0,0,0,0
M007390,1,1,0,0,0,0
M006763,1,1,0,0,0,0
M009801,1,1,0,0,0,0
M003426,1,1,0,0,0,0
M007012,1,1,0,0,0,0
M006033,1,1,0,0,0,0
M002383,1,1,0,0,0,0
M007421,1,1,0,0,0,0
M001059,1,1,0,0,0,0
M006868,1,1,0,0,0,0
M000504,1,1,0,0,0,0
M002686,1,1,0,0,0,0
M009826,1,1,0,0,0,0
M004775,1,1,0,0,0,0
M008482,1,1,0,0,0,0
M007238,1,1,0,0,0,0
M006957,1,1,0,0,0,0
M002870,1,1,0,0,0,0
M006170,1,1,0,0,0,0
M004472,1,1,0,0,0,0
M000995,1,1,0,0,0,0
M001192,1,1,0,0,0,0
M009136,1,1,0,0,0,0
M009577,1,1,0,0,0,0
M004886,1,1,0,0,0,0
M004952,1,1,0,0,0,0
M007454,1,1,0,0,0,0
M008498,1,1,0,0,0,0
M003915,1,1,0,0,0,0
M000726,1,1,0,0,0,0
M008537,1,1,0,0,0,0
M003714,1,1,0,0,0,0
M001112,1,1,0,0,0,0
M000007,1,1,0,0,0,0
M007815,1,1,0,0,0,0
M009248,1,1,0,0,0,0
M005202,1,1,0,0,0,0
M003020,1,1,0,0,0,0
M005612,1,1,0,0,0,0
M005808,1,1,0,0,0,0
M006905,1,1,0,0,0,0
M007444,1,1,0,0,0,0
M008143,1,1,0,0,0,0
M007953,1,1,0,0,0,0
M006659,1,1,0,0,0,0
M006130,1,1,0,0,0,0
M002705,1,1,0,0,0,0
M005448,1,1,0,0,0,0
M003301,1,1,0,0,0,0
M003463,1,1,0,0,0,0
M004842,1,1,0,0,0,0
M005026,1,1,0,0,0,0
M004102,1,1,0,0,0,0
M006628,1,1,0,0,0,0
M008410,1,1,0,0,0,0
M008984,1,1,0,0,0,0
M002808,1,1,0,0,0,0
M004666,1,1,0,0,0,0
M002403,1,1,0,0,0,0
M005102,1,1,0,0,0,0
M001349,1,1,0,0,0,0
M008265,1,1,0,0,0,0
M008727,1,1,0,0,0,0
M003839,1,1,0,0,0,0
M009376,1,1,0,0,0,0
M003769,1,1,0,0,0,0
M002447,1,1,0,0,0,0
M004497,1,1,0,0,0,0
M009171,1,1,0,0,0,0
M000234,1,1,0,0,0,0
M007495,1,1,0,0,0,0
M008040,1,1,0,0,0,0
M000062,1,1,0,0,0,0
M001325,1,1,0,0,0,0
M008536,1,1,0,0,0,0
M006870,1,1,0,0,0,0
M009839,1,1,0,0,0,0
M005340,1,1,0,0,0,0
M001645,1,1,0,0,0,0
M000949,1,1,0,0,0,0
M002110,1,1,0,0,0,0
M001969,1,1,0,0,0,0
M006989,1,1,0,0,0,0
M000581,1,1,0,0,0,0
M002185,1,1,0,0,0,0
M006949,1,1,0,0,0,0
M000608,1,1,0,0,0,0
M000269,1,1,0,0,0,0
M000229,1,1,0,0,0,0
M007030,1,1,0,0,0,0
M000864,1,1,0,0,0,0
M005891,1,1,0,0,0,0
M005793,1,1,0,0,0,0
M003777,1,1,0,0,0,0
M005740,1,1,0,0,0,0
M009763,1,1,0,0,0,0
M006236,1,1,0,0,0,0
M008743,1,1,0,0,0,0
M006497,1,1,0,0,0,0
M002752,1,1,0,0,0,0
M006893,1,1,0,0,0,0
M001564,1,1,0,0,0,0
M002374,1,1,0,0,0,0
M005860,1,1,0,0,0,0
M001132,1,1,0,0,0,0
M000971,1,1,0,0,0,0
M008840,1,1,0,0,0,0
M009935,1,1,0,0,0,0
M004420,1,1,0,0,0,0
M005588,1,1,0,0,0,0
M001038,1,1,0,0,0,0
M009547,1,1,0,0,0,0
M008879,1,1,0,0,0,0
M002982,1,1,0,0,0,0
M007002,1,1,0,0,0,0
M005286,1,1,0,0,0,0
M003611,1,1,0,0,0,0
M001462,1,1,0,0,0,0
M009587,1,1,0,0,0,0
M008213,1,1,0,0,0,0
M000525,1,1,0,0,0,0
M003635,1,1,0,0,0,0
M000957,1,1,0,0,0,0
M000757,1,1,0,0,0,0
M008828,1,1,0,0,0,0
M004565,1,1,0,0,0,0
M002239,1,1,0,0,0,0
M000670,1,1,0,0,0,0
M009954,1,1,0,0,0,0
M007468,1,1,0,0,0,0
M005805,1,1,0,0,0,0
M009512,1,1,0,0,0,0
M003776,1,1,0,0,0,0
M007372,1,1,0,0,0,0
M002524,1,1,0,0,0,0
M000296,1,1,0,0,0,0
M006409,1,1,0,0,0,0
M007306,1,1,0,0,0,0
M001423,1,1,0,0,0,0
M005751,1,1,0,0,0,0
M001758,1,1,0,0,0,0
M009225,1,1,0,0,0,0
M000479,1,1,0,0,0,0
M002197,1,1,0,0,0,0
M007366,1,1,0,0,0,0
M003962,1,1,0,0,0,0
M004744,1,1,0,0,0,0
M009354,1,1,0,0,0,0
M002030,1,1,0,0,0,0
M001936,1,1,0,0,0,0
M007490,1,1,0,0,0,0
M001797,1,1,0,0,0,0
M004580,1,1,0,0,0,0
M005520,1,1,0,0,0,0
M001997,1,1,0,0,0,0
M007041,1,1,0,0,0,0
M005005,1,1,0,0,0,0
M000054,1,1,0,0,0,0
M006940,1,1,0,0,0,0
M004470,1,1,0,0,0,0
M003411,1,1,0,0,0,0
M001252,1,1,0,0,0,0
M006488,1,1,0,0,0,0
M009400,1,1,0,0,0,0
M005568,1,1,0,0,0,0
M004176,1,1,0,0,0,0
M006452,1,1,0,0,0,0
M009613,1,1,0,0,0,0
M003080,1,1,0,0,0,0
M003289,1,1,0,0,0,0
M002622,1,1,0,0,0,0
M002494,1,1,0,0,0,0
M009769,1,1,0,0,0,0
M001319,1,1,0,0,0,0
M000001,1,1,0,0,0,0
M001263,1,1,0,0,0,0
M000407,1,1,0,0,0,0
M009933,1,1,0,0,0,0
M001318,1,1,0,0,0,0
M006667,1,1,0,0,0,0
M003905,1,1,0,0,0,0
M004636,1,1,0,0,0,0
M003645,1,1,0,0,0,0
M009941,1,1,0,0,0,0
M001880,1,1,0,0,0,0
M002493,1,1,0,0,0,0
M006968,1,1,0,0,0,0
M008521,1,1,0,0,0,0
M005561,1,1,0,0,0,0
M000769,1,1,0,0,0,0
M007506,1,1,0,0,0,0
M009332,1,1,0,0,0,0
M006995,1,1,0,0,0,0
M001928,1,1,0,0,0,0
M009756,1,1,0,0,0,0
M000876,1,1,0,0,0,0
M002255,1,1,0,0,0,0
M002109,1,1,0,0,0,0
M004875,1,1,0,0,0,0
M009189,1,1,0,0,0,0
M003429,1,1,0,0,0,0
M008235,1,1,0,0,0,0
M008399,1,1,0,0,0,0
M009905,1,1,0,0,0,0
M000141,1,1,0,0,0,0
M002069,1,1,0,0,0,0
M008115,1,1,0,0,0,0
M003319,1,1,0,0,0,0
M003143,1,1,0,0,0,0
M003317,1,1,0,0,0,0
M005655,1,1,0,0,0,0
M007528,1,1,0,0,0,0
M000113,1,1,0,0,0,0
M000963,1,1,0,0,0,0
M001039,1,1,0,0,0,0
M006569,1,1,0,0,0,0
M001711,1,1,0,0,0,0
M001847,1,1,0,0,0,0
M005869,1,1,0,0,0,0
M001484,1,1,0,0,0,0
M001548,1,1,0,0,0,0
M009391,1,1,0,0,0,0
M007911,1,1,0,0,0,0
M007247,1,1,0,0,0,0
M008502,1,1,0,0,0,0
M008267,1,1,0,0,0,0
M005679,1,1,0,0,0,0
M001993,1,1,0,0,0,0
M001243,1,1,0,0,0,0
M004170,1,1,0,0,0,0
M004944,1,1,0,0,0,0
M000731,1,1,0,0,0,0
M004228,1,1,0,0,0,0
M006086,1,1,0,0,0,0
M009950,1,1,0,0,0,0
M008588,1,1,0,0,0,0
M003856,1,1,0,0,0,0
M002504,1,1,0,0,0,0
M008548,1,1,0,0,0,0
M008054,1,1,0,0,0,0
M005473,1,1,0,0,0,0
M001990,1,1,0,0,0,0
M002227,1,1,0,0,0,0
M006044,1,1,0,0,0,0
M008887,1,1,0,0,0,0
M006739,1,1,0,0,0,0
M007929,1,1,0,0,0,0
M007768,1,1,0,0,0,0
M009762,1,1,0,0,0,0
M007936,1,1,0,0,0,0
M008817,1,1,0,0,0,0
M007219,1,1,0,0,0,0
M004933,1,1,0,0,0,0
M006769,1,1,0,0,0,0
M008710,1,1,0,0,0,0
M005368,1,1,0,0,0,0
M001249,1,1,0,0,0,0
M000170,1,1,0,0,0,0
M009624,1,1,0,0,0,0
M008874,1,1,0,0,0,0
M006196,1,1,0,0,0,0
M008194,1,1,0,0,0,0
M003120,1,1,0,0,0,0
M008701,1,1,0,0,0,0
M002463,1,1,0,0,0,0
M001051,1,1,0,0,0,0
M008833,1,1,0,0,0,0
M002823,1,1,0,0,0,0
M002394,1,1,0,0,0,0
M003177,1,1,0,0,0,0
M002435,1,1,0,0,0,0
M003110,1,1,0,0,0,0
M009304,1,1,0,0,0,0
M006741,1,1,0,0,0,0
M007133,1,1,0,0,0,0
M006988,1,1,0,0,0,0
M007577,1,1,0,0,0,0
M009774,1,1,0,0,0,0
M002369,1,1,0,0,0,0
M009891,1,1,0,0,0,0
M005567,1,1,0,0,0,0
M006855,1,1,0,0,0,0
M002933,1,1,0,0,0,0
M008792,1,1,0,0,0,0
M000197,1,1,0,0,0,0
M005073,1,1,0,0,0,0
M009325,1,1,0,0,0,0
M007731,1,1,0,0,0,0
M002298,1,1,0,0,0,0
M001012,1,1,0,0,0,0
M009501,1,1,0,0,0,0
M004455,1,1,0,0,0,0
M008873,1,1,0,0,0,0
M003608,1,1,0,0,0,0
M007320,1,1,0,0,0,0
M009773,1,1,0,0,0,0
M003224,1,1,0,0,0,0
M009739,1,1,0,0,0,0
M007472,1,1,0,0,0,0
M004175,1,1,0,0,0,0
M006185,1,1,0,0,0,0
M006836,1,1,0,0,0,0
M000813,1,1,0,0,0,0
M004849,1,1,0,0,0,0
M008835,1,1,0,0,0,0
M005718,1,1,0,0,0,0
M006924,1,1,0,0,0,0
M002303,1,1,0,0,0,0
M002006,1,1,0,0,0,0
M009224,1,1,0,0,0,0
M000517,1,1,0,0,0,0
M003144,1,1,0,0,0,0
M005870,1,1,0,0,0,0
M002869,1,1,0,0,0,0
M006946,1,1,0,0,0,0
M006337,1,1,0,0,0,0
M002073,1,1,0,0,0,0
M008417,1,1,0,0,0,0
M008218,1,1,0,0,0,0
M000289,1,1,0,0,0,0
M009673,1,1,0,0,0,0
M008473,1,1,0,0,0,0
M004091,1,1,0,0,0,0
M004658,1,1,0,0,0,0
M004153,1,1,0,0,0,0
M008875,1,1,0,0,0,0
M000984,1,1,0,0,0,0
M009529,1,1,0,0,0,0
M008310,1,1,0,0,0,0
M006213,1,1,0,0,0,0
M004493,1,1,0,0,0,0
M004454,1,1,0,0,0,0
M006700,1,1,0,0,0,0
M007070,1,1,0,0,0,0
M003506,1,1,0,0,0,0
M006866,1,1,0,0,0,0
M003840,1,1,0,0,0,0
M003130,1,1,0,0,0,0
M000178,1,1,0,0,0,0
M007952,1,1,0,0,0,0
M006705,1,1,0,0,0,0
M004225,1,1,0,0,0,0
M004008,1,1,0,0,0,0
M005406,1,1,0,0,0,0
M009435,1,1,0,0,0,0
M005743,1,1,0,0,0,0
M000444,1,1,0,0,0,0
M007181,1,1,0,0,0,0
M002291,1,1,0,0,0,0
M001792,1,1,0,0,0,0
M000413,1,1,0,0,0,0
M008234,1,1,0,0,0,0
M003384,1,1,0,0,0,0
M007641,1,1,0,0,0,0
M005528,1,1,0,0,0,0
M005201,1,1,0,0,0,0
M009784,1,1,0,0,0,0
M003095,1,1,0,0,0,0
M006092,1,1,0,0,0,0
M006941,1,1,0,0,0,0
M003507,1,1,0,0,0,0
M005417,1,1,0,0,0,0
M005810,1,1,0,0,0,0
M007837,1,1,0,0,0,0
M003347,1,1,0,0,0,0
M009232,1,1,0,0,0,0
M004732,1,1,0,0,0,0
M008258,1,1,0,0,0,0
M009721,1,1,0,0,0,0
M005586,1,1,0,0,0,0
M005580,1,1,0,0,0,0
M006219,1,1,0,0,0,0
M001314,1,1,0,0,0,0
M008776,1,1,0,0,0,0
M005177,1,1,0,0,0,0
M008014,1,1,0,0,0,0
M006578,1,1,0,0,0,0
M001233,1,1,0,0,0,0
M006145,1,1,0,0,0,0
M007711,1,1,0,0,0,0
M000468,1,1,0,0,0,0
M006031,1,1,0,0,0,0
M007123,1,1,0,0,0,0
M003692,1,1,0,0,0,0
M002083,1,1,0,0,0,0
M008375,1,1,0,0,0,0
M007831,1,1,0,0,0,0
M009635,1,1,0,0,0,0
M000469,1,1,0,0,0,0
M001198,1,1,0,0,0,0
M004731,1,1,0,0,0,0
M007169,1,1,0,0,0,0
M007533,1,1,0,0,0,0
M000472,1,1,0,0,0,0
M004362,1,1,0,0,0,0
M001075,1,1,0,0,0,0
M004106,1,1,0,0,0,0
M002261,1,1,0,0,0,0
M008004,1,1,0,0,0,0
M001377,1,1,0,0,0,0
M000087,1,1,0,0,0,0
M006166,1,1,0,0,0,0
M003091,1,1,0,0,0,0
M004360,1,1,0,0,0,0
M000419,1,1,0,0,0,0
M007388,1,1,0,0,0,0
M009785,1,1,0,0,0,0
M001877,1,1,0,0,0,0
M002129,1,1,0,0,0,0
M000776,1,1,0,0,0,0
M002855,1,1,0,0,0,0
M009834,1,1,0,0,0,0
M009821,1,1,0,0,0,0
M002107,1,1,0,0,0,0
M001261,1,1,0,0,0,0
M001658,1,1,0,0,0,0
M007231,1,1,0,0,0,0
M007632,1,1,0,0,0,0
M005641,1,1,0,0,0,0
M007198,1,1,0,0,0,0
M006575,1,1,0,0,0,0
M002536,1,1,0,0,0,0
M008656,1,1,0,0,0,0
M004620,1,1,0,0,0,0
M000427,1,1,0,0,0,0
M004033,1,1,0,0,0,0
M004317,1,1,0,0,0,0
M000155,1,1,0,0,0,0
M002697,1,1,0,0,0,0
M004426,1,1,0,0,0,0
M006556,1,1,0,0,0,0
M001907,1,1,0,0,0,0
M003141,1,1,0,0,0,0
M004424,1,1,0,0,0,0
M006084,1,1,0,0,0,0
M003941,1,1,0,0,0,0
M008464,1,1,0,0,0,0
M009674,1,1,0,0,0,0
M005419,1,1,0,0,0,0
M003287,1,1,0,0,0,0
M003604,1,1,0,0,0,0
M003959,1,1,0,0,0,0
M008282,1,1,0,0,0,0
M003046,1,1,0,0,0,0
M006069,1,1,0,0,0,0
M009357,1,1,0,0,0,0
M009063,1,1,0,0,0,0
M008913,1,1,0,0,0,0
M005008,1,1,0,0,0,0
M003546,1,1,0,0,0,0
M003765,1,1,0,0,0,0
M003689,1,1,0,0,0,0
M001103,1,1,0,0,0,0
M000553,1,1,0,0,0,0
M009422,1,1,0,0,0,0
M007488,1,1,0,0,0,0
M003321,1,1,0,0,0,0
M006548,1,1,0,0,0,0
M003638,1,1,0,0,0,0
M000027,1,1,0,0,0,0
M008558,1,1,0,0,0,0
M000143,1,1,0,0,0,0
M008684,1,1,0,0,0,0
M002787,1,1,0,0,0,0
M006048,1,1,0,0,0,0
M006471,1,1,0,0,0,0
M007971,1,1,0,0,0,0
M001228,1,1,0,0,0,0
M009641,1,1,0,0,0,0
M004885,1,1,0,0,0,0
M003803,1,1,0,0,0,0
M009187,1,1,0,0,0,0
M004632,1,1,0,0,0,0
M008216,1,1,0,0,0,0
M006762,1,1,0,0,0,0
M001063,1,1,0,0,0,0
M006714,1,1,0,0,0,0
M007355,1,1,0,0,0,0
M005542,1,1,0,0,0,0
M000416,1,1,0,0,0,0
M007098,1,1,0,0,0,0
M006222,1,1,0,0,0,0
M000378,1,1,0,0,0,0
M005100,1,1,0,0,0,0
M007507,1,1,0,0,0,0
M001849,1,1,0,0,0,0
M006457,1,1,0,0,0,0
M002696,1,1,0,0,0,0
M009286,1,1,0,0,0,0
M004508,1,1,0,0,0,0
M002438,1,1,0,0,0,0
M007459,1,1,0,0,0,0
M003283,1,1,0,0,0,0
M002716,1,1,0,0,0,0
M004253,1,1,0,0,0,0
M009331,1,1,0,0,0,0
M009725,1,1,0,0,0,0
M008533,1,1,0,0,0,0
M004117,1,1,0,0,0,0
M008195,1,1,0,0,0,0
M003976,1,1,0,0,0,0
M005034,1,1,0,0,0,0
M008673,1,1,0,0,0,0
M000281,1,1,0,0,0,0
M002247,1,1,0,0,0,0
M007394,1,1,0,0,0,0
M009948,1,1,0,0,0,0
M009668,1,1,0,0,0,0
M003471,1,1,0,0,0,0
M009946,1,1,0,0,0,0
M006035,1,1,0,0,0,0
M001809,1,1,0,0,0,0
M000265,1,1,0,0,0,0
M000617,1,1,0,0,0,0
M000494,1,1,0,0,0,0
M001723,1,1,0,0,0,0
M009206,1,1,0,0,0,0
M008408,1,1,0,0,0,0
M005426,1,1,0,0,0,0
M000324,1,1,0,0,0,0
M006961,1,1,0,0,0,0
M003035,1,1,0,0,0,0
M006594,1,1,0,0,0,0
M004271,1,1,0,0,0,0
M006558,1,1,0,0,0,0
M004405,1,1,0,0,0,0
M009235,1,1,0,0,0,0
M005227,1,1,0,0,0,0
M007158,1,1,0,0,0,0
M007261,1,1,0,0,0,0
M009254,1,1,0,0,0,0
M009552,1,1,0,0,0,0
M004864,1,1,0,0,0,0
M006475,1,1,0,0,0,0
M001568,1,1,0,0,0,0
M009838,1,1,0,0,0,0
M006754,1,1,0,0,0,0
M004767,1,1,0,0,0,0
M006481,1,1,0,0,0,0
M003508,1,1,0,0,0,0
M008217,1,1,0,0,0,0
M002001,1,1,0,0,0,0
M008541,1,1,0,0,0,0
M006333,1,1,0,0,0,0
M008702,1,1,0,0,0,0
M009398,1,1,0,0,0,0
M005325,1,1,0,0,0,0
M005264,1,1,0,0,0,0
M000796,1,1,0,0,0,0
M008900,1,1,0,0,0,0
M002181,1,1,0,0,0,0
M007069,1,1,0,0,0,0
M002837,1,1,0,0,0,0
M006301,1,1,0,0,0,0
M004376,1,1,0,0,0,0
M006780,1,1,0,0,0,0
M005940,1,1,0,0,0,0
M002812,1,1,0,0,0,0
M003495,1,1,0,0,0,0
M009760,1,1,0,0,0,0
M006899,1,1,0,0,0,0
M006255,1,1,0,0,0,0
M008432,1,1,0,0,0,0
M000612,1,1,0,0,0,0
M003210,1,1,0,0,0,0
M009275,1,1,0,0,0,0
M007620,1,1,0,0,0,0
M000317,1,1,0,0,0,0
M001003,1,1,0,0,0,0
M004659,1,1,0,0,0,0
M000102,1,1,0,0,0,0
M003270,1,1,0,0,0,0
M007511,1,1,0,0,0,0
M005312,1,1,0,0,0,0
M004938,1,1,0,0,0,0
M002148,1,1,0,0,0,0
M009090,1,1,0,0,0,0
M003744,1,1,0,0,0,0
M005163,1,1,0,0,0,0
M001834,1,1,0,0,0,0
M005755,1,1,0,0,0,0
M000934,1,1,0,0,0,0
M009628,1,1,0,0,0,0
M001372,1,1,0,0,0,0
M005150,1,1,0,0,0,0
M003703,1,1,0,0,0,0
M008508,1,1,0,0,0,0
M002495,1,1,0,0,0,0
M001298,1,1,0,0,0,0
M004629,1,1,0,0,0,0
M002573,1,1,0,0,0,0
M006496,1,1,0,0,0,0
M009439,1,1,0,0,0,0
M008321,1,1,0,0,0,0
M000199,1,1,0,0,0,0
M008372,1,1,0,0,0,0
M006973,1,1,0,0,0,0
M009788,1,1,0,0,0,0
M009094,1,1,0,0,0,0
M009027,1,1,0,0,0,0
M009241,1,1,0,0,0,0
M005262,1,1,0,0,0,0
M006355,1,1,0,0,0,0
M002046,1,1,0,0,0,0
M002097,1,1,0,0,0,0
M008781,1,1,0,0,0,0
M003595,1,1,0,0,0,0
M000251,1,1,0,0,0,0
M004352,1,1,0,0,0,0
M004643,1,1,0,0,0,0
M005222,1,1,0,0,0,0
M006006,1,1,0,0,0,0
M008621,1,1,0,0,0,0
M005200,1,1,0,0,0,0
M003119,1,1,0,0,0,0
M008441,1,1,0,0,0,0
M008292,1,1,0,0,0,0
M008646,1,1,0,0,0,0
M007077,1,1,0,0,0,0
M009184,1,1,0,0,0,0
M003637,1,1,0,0,0,0
M001147,1,1,0,0,0,0
M004134,1,1,0,0,0,0
M006846,1,1,0,0,0,0
M008455,1,1,0,0,0,0
M003196,1,1,0,0,0,0
M001629,1,1,0,0,0,0
M005180,1,1,0,0,0,0
M008358,1,1,0,0,0,0
M001468,1,1,0,0,0,0
M009809,1,1,0,0,0,0
M002969,1,1,0,0,0,0
M006742,1,1,0,0,0,0
M000278,1,1,0,0,0,0
M001565,1,1,0,0,0,0
M006003,1,1,0,0,0,0
M007479,1,1,0,0,0,0
M007429,1,1,0,0,0,0
M000547,1,1,0,0,0,0
M005233,1,1,0,0,0,0
M003425,1,1,0,0,0,0
M009047,1,1,0,0,0,0
M005139,1,1,0,0,0,0
M001068,1,1,0,0,0,0
M006981,1,1,0,0,0,0
M001289,1,1,0,0,0,0
M006938,1,1,0,0,0,0
M005569,1,1,0,0,0,0
M004523,1,1,0,0,0,0
M007887,1,1,0,0,0,0
M003781,1,1,0,0,0,0
M004567,1,1,0,0,0,0
M009378,1,1,0,0,0,0
M008314,1,1,0,0,0,0
M001336,1,1,0,0,0,0
M005432,1,1,0,0,0,0
M002681,1,1,0,0,0,0
M001764,1,1,0,0,0,0
M007532,1,1,0,0,0,0
M003937,1,1,0,0,0,0
M007919,1,1,0,0,0,0
M008723,1,1,0,0,0,0
M003693,1,1,0,0,0,0
M007019,1,1,0,0,0,0
M008215,1,1,0,0,0,0
M001717,1,1,0,0,0,0
M003058,1,1,0,0,0,0
M005761,1,1,0,0,0,0
M001478,1,1,0,0,0,0
M002991,1,1,0,0,0,0
M005342,1,1,0,0,0,0
M004222,1,1,0,0,0,0
M008601,1,1,0,0,0,0
M000334,1,1,0,0,0,0
M006317,1,1,0,0,0,0
M008044,1,1,0,0,0,0
M004813,1,1,0,0,0,0
M005678,1,1,0,0,0,0
M004011,1,1,0,0,0,0
M008199,1,1,0,0,0,0
